domain,revealId,inscriptionId,commitId,payer,feeKas
stp-bulk-0001.kas,fec7433ee68d191d5a3f0df65365c20f3bcb678da5a0b048465784085d04fed0,fec7433ee68d191d5a3f0df65365c20f3bcb678da5a0b048465784085d04fed0i0,320659993d2ae87c0825009501c384a0283cc38bd7f4935a2072ee86d574a246,kaspatest:qz46xwjp2stquq20xjzguqg4wyqz0g08d3clr26tlkzcrvfv0j3nxmkaknsdd,35
stp-bulk-0002.kas,199476b313b7a4f2aa8ca16ba860384a5f218581f2b59fbfb4a19bdc3dc67a59,199476b313b7a4f2aa8ca16ba860384a5f218581f2b59fbfb4a19bdc3dc67a59i0,d4541057360f2081f51b073bc98cdde6312d98b8a657f7cdd297ce7441d6ade6,kaspatest:qz46xwjp2stquq20xjzguqg4wyqz0g08d3clr26tlkzcrvfv0j3nxmkaknsdd,35
stp-bulk-0003.kas,c93ddc64d06fd83abff1674d3ada5536e23148dd419615787c6eb34a1d042cfd,c93ddc64d06fd83abff1674d3ada5536e23148dd419615787c6eb34a1d042cfdi0,f531762e7b0f7e198f31403db25debfb1a9598406c1b7c8e3985b857ee1ccc7d,kaspatest:qz46xwjp2stquq20xjzguqg4wyqz0g08d3clr26tlkzcrvfv0j3nxmkaknsdd,35
stp-bulk-0004.kas,df9556b7ad7d42caf1e35f03720c7257d83865274c09c2abd41fe321f7c7dce6,df9556b7ad7d42caf1e35f03720c7257d83865274c09c2abd41fe321f7c7dce6i0,53afcc2b2c8e7d4ae0751d2e7f69011b4fbe0e6c34b126aff7467151cbee9046,kaspatest:qz46xwjp2stquq20xjzguqg4wyqz0g08d3clr26tlkzcrvfv0j3nxmkaknsdd,35
stp-bulk-0005.kas,d0dc0344eea263ea0dd09f5b971a30b2f8c1658a9a86759bb2bb1759990fff9b,d0dc0344eea263ea0dd09f5b971a30b2f8c1658a9a86759bb2bb1759990fff9bi0,cb7d3f1ef236e47cfb5c8a332875913785cf42564e7e4008859fd04235cb87f8,kaspatest:qz46xwjp2stquq20xjzguqg4wyqz0g08d3clr26tlkzcrvfv0j3nxmkaknsdd,35
stp-bulk-0006.kas,59e168b183646324042e076f6a3a2ee0008b9b8c8dd96c141f96bc0f232b9a50,59e168b183646324042e076f6a3a2ee0008b9b8c8dd96c141f96bc0f232b9a50i0,77b69a1bd1eaa517b8bf3adb15c4a3f13c8763e5a31f032700f43bf49ed3c88d,kaspatest:qz46xwjp2stquq20xjzguqg4wyqz0g08d3clr26tlkzcrvfv0j3nxmkaknsdd,35
stp-bulk-0007.kas,df05a5aaad5b2e899f6ee6a40be1c362562a9d3c302c6fe0ca13534ff092ec8a,df05a5aaad5b2e899f6ee6a40be1c362562a9d3c302c6fe0ca13534ff092ec8ai0,57d8a4a701018d0f072f1714d063adb212f1220800f2a2f0eafb9ac51f0dd5f4,kaspatest:qz46xwjp2stquq20xjzguqg4wyqz0g08d3clr26tlkzcrvfv0j3nxmkaknsdd,35
stp-bulk-0008.kas,69d26564e74cde7541b659845aaa12da42509f871a9be0bc4f94e0da4f981036,69d26564e74cde7541b659845aaa12da42509f871a9be0bc4f94e0da4f981036i0,edb7e6429c8919a6614b8355e37cb1bb32795a411891076a634c0fe5abe5d74e,kaspatest:qz46xwjp2stquq20xjzguqg4wyqz0g08d3clr26tlkzcrvfv0j3nxmkaknsdd,35
stp-bulk-0009.kas,03fb7c53ec53397864b27e78fbb54010c0598f7ef0d6cb63a317a4b785c4dd0b,03fb7c53ec53397864b27e78fbb54010c0598f7ef0d6cb63a317a4b785c4dd0bi0,c04ca611dd6cf2b3a34435fe44068bf1d84b7e30b9666110316287395891f419,kaspatest:qz46xwjp2stquq20xjzguqg4wyqz0g08d3clr26tlkzcrvfv0j3nxmkaknsdd,35
stp-bulk-0010.kas,3557b325cdc594ac12349c2196996ce32f4223399665b8d0f2afa4397494814f,3557b325cdc594ac12349c2196996ce32f4223399665b8d0f2afa4397494814fi0,4ccd44505a01fb627108f222f7962c4d64b6b26b12d9b964a5f1172fbdc31aa5,kaspatest:qz46xwjp2stquq20xjzguqg4wyqz0g08d3clr26tlkzcrvfv0j3nxmkaknsdd,35
stp-bulk-0011.kas,0dcfa7f545aec5bf16ffab9200a5eae04773fce10d350c5226adc35fbad55b27,0dcfa7f545aec5bf16ffab9200a5eae04773fce10d350c5226adc35fbad55b27i0,a3fc8d2d6ff53d626cb88a6d5d2e27a7ede5b9ee4a1c6449da872df723a2880b,kaspatest:qz46xwjp2stquq20xjzguqg4wyqz0g08d3clr26tlkzcrvfv0j3nxmkaknsdd,35
stp-bulk-0012.kas,923f303a233adbcc9b61837c68ad3c58c02d158398ba328f0bcd7752bcea0ba9,923f303a233adbcc9b61837c68ad3c58c02d158398ba328f0bcd7752bcea0ba9i0,2110a5ead09057249701823aef90fda66df1dd05d010995211abde4c794ebf25,kaspatest:qz46xwjp2stquq20xjzguqg4wyqz0g08d3clr26tlkzcrvfv0j3nxmkaknsdd,35
stp-bulk-0013.kas,b04f25faa202807d85ae3c5e35dd76efc68e9cc733d54486d0ed1afe1c39d17a,b04f25faa202807d85ae3c5e35dd76efc68e9cc733d54486d0ed1afe1c39d17ai0,ed80bbaf7274a9fd16346d6e9d00e133c6521f33c0d28ba1c8e745e4a4046560,kaspatest:qz46xwjp2stquq20xjzguqg4wyqz0g08d3clr26tlkzcrvfv0j3nxmkaknsdd,35
stp-bulk-0014.kas,407d1b5e23a93658d238b3d1bbeabce113e46528ca217f54edf891e597365cfa,407d1b5e23a93658d238b3d1bbeabce113e46528ca217f54edf891e597365cfai0,ab652741f8626fcd00aadaabc9f61f5a31bddc5def5d1652d13b7cf7d6feb316,kaspatest:qz46xwjp2stquq20xjzguqg4wyqz0g08d3clr26tlkzcrvfv0j3nxmkaknsdd,35
stp-bulk-0015.kas,a080087510b594806a5f0c5b82ae5cd384ee6c2f16728c698536616b3c958890,a080087510b594806a5f0c5b82ae5cd384ee6c2f16728c698536616b3c958890i0,6f5a02b66ad48703ce762199f10b51acbea2d51568fcca506c68b04f79bb6f98,kaspatest:qz46xwjp2stquq20xjzguqg4wyqz0g08d3clr26tlkzcrvfv0j3nxmkaknsdd,35
stp-bulk-0016.kas,806d8898453644cd54a9a917c362bb3eb548f943257e61a4ecc086d2f068c921,806d8898453644cd54a9a917c362bb3eb548f943257e61a4ecc086d2f068c921i0,19ccb72bd6a8ec95626149fdcda50f08a6c1d92ffa333d3219b2d41fd39ac7bf,kaspatest:qz46xwjp2stquq20xjzguqg4wyqz0g08d3clr26tlkzcrvfv0j3nxmkaknsdd,35
stp-bulk-0017.kas,71e4e6c23a001adbe500f7d851b2f726924be02cef9d8ccdbb33fe0879752e02,71e4e6c23a001adbe500f7d851b2f726924be02cef9d8ccdbb33fe0879752e02i0,ccc523f1f341854c3bfebb4bede066451358f6e2b6ffe7d69e7d7df62737c44a,kaspatest:qz46xwjp2stquq20xjzguqg4wyqz0g08d3clr26tlkzcrvfv0j3nxmkaknsdd,35
stp-bulk-0018.kas,6ee3ed953a1e01595c3cdcc2b3c9040a37156a2463ea93d0e0db2911e15f05c0,6ee3ed953a1e01595c3cdcc2b3c9040a37156a2463ea93d0e0db2911e15f05c0i0,d3fb9783d9f700df9e0e2559370d0db0b6591ac694794cc4c5540254c4f4aed8,kaspatest:qz46xwjp2stquq20xjzguqg4wyqz0g08d3clr26tlkzcrvfv0j3nxmkaknsdd,35
stp-bulk-0019.kas,8d9619339e53f81ee9fe974564edd400c81ccd46dd9e606bd3d0b17e5a61ae47,8d9619339e53f81ee9fe974564edd400c81ccd46dd9e606bd3d0b17e5a61ae47i0,a5650191521f876b41368b2b010eb8c56920643b60a50de8bcf389c47661b72e,kaspatest:qz46xwjp2stquq20xjzguqg4wyqz0g08d3clr26tlkzcrvfv0j3nxmkaknsdd,35
stp-bulk-0020.kas,1772d3759f677982bacadeeb8c4ae609c154de8fa85204c785a3e73c48e763b1,1772d3759f677982bacadeeb8c4ae609c154de8fa85204c785a3e73c48e763b1i0,3d40f6f49b0dbac7d0dc2594b2cc5fc1249257bd929966239ce24649dfeae5b9,kaspatest:qz46xwjp2stquq20xjzguqg4wyqz0g08d3clr26tlkzcrvfv0j3nxmkaknsdd,35
stp-bulk-0021.kas,4b7e2067712ed3696b19b16366b9bb918c86f174567e8df613514da2afe993aa,4b7e2067712ed3696b19b16366b9bb918c86f174567e8df613514da2afe993aai0,cafdf5f67f469392336352fdc681781545b4a8c64b18eb524bd3f6ca43c1061f,kaspatest:qz46xwjp2stquq20xjzguqg4wyqz0g08d3clr26tlkzcrvfv0j3nxmkaknsdd,35
stp-bulk-0022.kas,aac61044f7b95fcd88832bd5149ace2ca5ea8f2d55cc1ce7e847c57afe90f91b,aac61044f7b95fcd88832bd5149ace2ca5ea8f2d55cc1ce7e847c57afe90f91bi0,d258a1a42319fbba12748373772e6f7964dbefa9560f3620b652a76b9fc6e352,kaspatest:qz46xwjp2stquq20xjzguqg4wyqz0g08d3clr26tlkzcrvfv0j3nxmkaknsdd,35
stp-bulk-0023.kas,ddc9f635dae51654953605f026e912bbb22d75bba65423c0ec1d88bfad443290,ddc9f635dae51654953605f026e912bbb22d75bba65423c0ec1d88bfad443290i0,5f817a4940ecc3dfc0130b509d8d7fdb36d427f163b2049bb315c5c94b77abd6,kaspatest:qz46xwjp2stquq20xjzguqg4wyqz0g08d3clr26tlkzcrvfv0j3nxmkaknsdd,35
stp-bulk-0024.kas,a00cfe41608278b3fa17750168763cfc5519a8aebfd7e59f276881e5cc15759b,a00cfe41608278b3fa17750168763cfc5519a8aebfd7e59f276881e5cc15759bi0,e4571bc77d812eea77f570ab29bf0f10d4aa6eed8703c130c91cb0468478e33f,kaspatest:qz46xwjp2stquq20xjzguqg4wyqz0g08d3clr26tlkzcrvfv0j3nxmkaknsdd,35
stp-bulk-0025.kas,69ace113507693418de19a8723b4b45af8b86db2350c9247c4c73804bdd5635e,69ace113507693418de19a8723b4b45af8b86db2350c9247c4c73804bdd5635ei0,ba5b1ae2ab1a331c56a0bc44d133bab76688e5f1772cd6859aec97556b61b901,kaspatest:qz46xwjp2stquq20xjzguqg4wyqz0g08d3clr26tlkzcrvfv0j3nxmkaknsdd,35
stp-bulk-0026.kas,21dd189048b32bbc61ca3deed6a9dd696074f9c618786074fc303d14289cbe70,21dd189048b32bbc61ca3deed6a9dd696074f9c618786074fc303d14289cbe70i0,d6d260a6a16d20ffdbeae2e215dd51d6ee1495ab002721e8808f742e657729bd,kaspatest:qz46xwjp2stquq20xjzguqg4wyqz0g08d3clr26tlkzcrvfv0j3nxmkaknsdd,35
stp-bulk-0027.kas,ac0ba1f674ae2e623bb09c29f4e12bb8560bf695264cb82f9e3ecda9afeded90,ac0ba1f674ae2e623bb09c29f4e12bb8560bf695264cb82f9e3ecda9afeded90i0,a93401719ee14e05e73e94127e3f188c6b779fa00cba636bcd1c8b8752a64510,kaspatest:qz46xwjp2stquq20xjzguqg4wyqz0g08d3clr26tlkzcrvfv0j3nxmkaknsdd,35
stp-bulk-0028.kas,6816ffaeb864705350799ed6c5d45ab751437eccfb13790f2779c961abf5bc9c,6816ffaeb864705350799ed6c5d45ab751437eccfb13790f2779c961abf5bc9ci0,3628cb32d9f870c59aaae802a3fe2e9bebf2ae99e0552ef072770a059a49bf45,kaspatest:qz46xwjp2stquq20xjzguqg4wyqz0g08d3clr26tlkzcrvfv0j3nxmkaknsdd,35
stp-bulk-0029.kas,9f9556718c9c89de87f48dd6b8964419c2b5aa68b32d3451e2d4ff2fc63912da,9f9556718c9c89de87f48dd6b8964419c2b5aa68b32d3451e2d4ff2fc63912dai0,6afc6c284067d133dfb43011b2c7bcb18820651fdc560e36f0b0ba078faadc5a,kaspatest:qz46xwjp2stquq20xjzguqg4wyqz0g08d3clr26tlkzcrvfv0j3nxmkaknsdd,35
stp-bulk-0030.kas,6e5067bfce53f50e6ec11c23374496d4682f8325a178985cb288d2232557ac66,6e5067bfce53f50e6ec11c23374496d4682f8325a178985cb288d2232557ac66i0,9d9e943ea8353b38d9c53ef60840b12ac0f9172dd95fd4092388093a45acefb1,kaspatest:qz46xwjp2stquq20xjzguqg4wyqz0g08d3clr26tlkzcrvfv0j3nxmkaknsdd,35
stp-bulk-0031.kas,e302f1d8cfbcba9d408110bb6e5ca2ae8898d82563b15c0184fa35a18c29b6b5,e302f1d8cfbcba9d408110bb6e5ca2ae8898d82563b15c0184fa35a18c29b6b5i0,92a0ca2e536af09f8d828986e93711dd24c6235a7fe036d91699930f1bfbe0a5,kaspatest:qz46xwjp2stquq20xjzguqg4wyqz0g08d3clr26tlkzcrvfv0j3nxmkaknsdd,35
stp-bulk-0032.kas,c1d3b0317512fb15d4dbe77fe0b77561ff573334dd4dc8896146a2db96025fa7,c1d3b0317512fb15d4dbe77fe0b77561ff573334dd4dc8896146a2db96025fa7i0,596c6dd65d0a012ffcc60bddda27f168c3f4ff3a3c21adedddf9a55d113c490d,kaspatest:qz46xwjp2stquq20xjzguqg4wyqz0g08d3clr26tlkzcrvfv0j3nxmkaknsdd,35
stp-bulk-0033.kas,82b23adf21a00eef364c5a9729b53ddcb91e2cd435b9f260c4086683f4918874,82b23adf21a00eef364c5a9729b53ddcb91e2cd435b9f260c4086683f4918874i0,7854f238180b9e056dc6b4e1ea73f64210b9a1547fcbab3d5cdbb4664c3e6bdd,kaspatest:qz46xwjp2stquq20xjzguqg4wyqz0g08d3clr26tlkzcrvfv0j3nxmkaknsdd,35
stp-bulk-0034.kas,08fd950232f5dd5ddd434663b7847868f7e3d03933b52b0289d0c25fa01d04b1,08fd950232f5dd5ddd434663b7847868f7e3d03933b52b0289d0c25fa01d04b1i0,5a3d0eb5d9c92517644f810e1c3bb49706b79da75e42944d738a03c015cbda2a,kaspatest:qz46xwjp2stquq20xjzguqg4wyqz0g08d3clr26tlkzcrvfv0j3nxmkaknsdd,35
stp-bulk-0035.kas,e07d798e20874b72e8f0bb6e6a1d698606a662374edb238aa08f956622912766,e07d798e20874b72e8f0bb6e6a1d698606a662374edb238aa08f956622912766i0,a9a185eebefe96492f91a1f90bd969ecb020e887f82c1e0b41fc8af610bc4d31,kaspatest:qz46xwjp2stquq20xjzguqg4wyqz0g08d3clr26tlkzcrvfv0j3nxmkaknsdd,35
stp-bulk-0036.kas,d7207978f8444787df8f22784f013692deb3f9bca5002eb841ff0656227bca74,d7207978f8444787df8f22784f013692deb3f9bca5002eb841ff0656227bca74i0,465109101a59d34ba002cdad32aebe29b4c651b0c295bd5b692b7cc1f6c30512,kaspatest:qz46xwjp2stquq20xjzguqg4wyqz0g08d3clr26tlkzcrvfv0j3nxmkaknsdd,35
stp-bulk-0037.kas,e6bb5638ba751440e65662302df7be5da2457b7451bb64123c1cfc1e2e113699,e6bb5638ba751440e65662302df7be5da2457b7451bb64123c1cfc1e2e113699i0,7e95fda5a478d47a95dc85de36bf14d460f434c92b0f38907d60946048adfcb6,kaspatest:qz46xwjp2stquq20xjzguqg4wyqz0g08d3clr26tlkzcrvfv0j3nxmkaknsdd,35
stp-bulk-0038.kas,29c427fb6ebab57475a0482cccd1d4248ecb28e8baf6c59b06c38f5166aa574e,29c427fb6ebab57475a0482cccd1d4248ecb28e8baf6c59b06c38f5166aa574ei0,d56edeca15d017ed9bb832194dc99ac8fef8e2e148699b494d3801b1c5fc79f9,kaspatest:qz46xwjp2stquq20xjzguqg4wyqz0g08d3clr26tlkzcrvfv0j3nxmkaknsdd,35
stp-bulk-0039.kas,fcd69b9432f26ccd01c3e13336fe43db5099df71287291b852b08f8fdfc18578,fcd69b9432f26ccd01c3e13336fe43db5099df71287291b852b08f8fdfc18578i0,947ca80f4eb82b262703f57e18dbd75023dd0faa58aea1298ddde2f1abefbff1,kaspatest:qz46xwjp2stquq20xjzguqg4wyqz0g08d3clr26tlkzcrvfv0j3nxmkaknsdd,35
stp-bulk-0040.kas,aeef2dcb31640a7e8ed4fe3d1a6e4e744551dcec108a4a190cb77ce83a6aa6a8,aeef2dcb31640a7e8ed4fe3d1a6e4e744551dcec108a4a190cb77ce83a6aa6a8i0,d37f78f6f6215d170a1d6e7a940c3741937f87ba2443c2241f4f8bc5f918023d,kaspatest:qz46xwjp2stquq20xjzguqg4wyqz0g08d3clr26tlkzcrvfv0j3nxmkaknsdd,35
stp-bulk-0041.kas,c93162c3ff88c8c702f17a0b14e8500934164d0ebde26873298b6a07dd81abcc,c93162c3ff88c8c702f17a0b14e8500934164d0ebde26873298b6a07dd81abcci0,2a5d5828abb66a81af756dea637d7717c860380832052d5c69410e70af7e59c7,kaspatest:qz46xwjp2stquq20xjzguqg4wyqz0g08d3clr26tlkzcrvfv0j3nxmkaknsdd,35
stp-bulk-0042.kas,da9f03f35525609a41b7d6dfd56f8a11a20323d46c7a4e915203a72d237e0398,da9f03f35525609a41b7d6dfd56f8a11a20323d46c7a4e915203a72d237e0398i0,870eb2c9c7388a36959ce2785aa682a30650e6c64990096a4b76158aa8ceed56,kaspatest:qz46xwjp2stquq20xjzguqg4wyqz0g08d3clr26tlkzcrvfv0j3nxmkaknsdd,35
stp-bulk-0043.kas,12c6716996e99b14585d1b4dd473e12d4834e38db017034817000837bef82e43,12c6716996e99b14585d1b4dd473e12d4834e38db017034817000837bef82e43i0,4c6d4607a9b8dfde07f28e79b2aa9c3cbf0e98b0a115f2d6e6b17d57ac504167,kaspatest:qz46xwjp2stquq20xjzguqg4wyqz0g08d3clr26tlkzcrvfv0j3nxmkaknsdd,35
stp-bulk-0044.kas,41007f41956e157ca2cb545a348a1c0e7ce3d2c0484c45e708aaed68e7e09901,41007f41956e157ca2cb545a348a1c0e7ce3d2c0484c45e708aaed68e7e09901i0,d93dc18b27781da58c7f8b2420a86ade0c1b125a2500fbacf70c0bfcd7867b15,kaspatest:qz46xwjp2stquq20xjzguqg4wyqz0g08d3clr26tlkzcrvfv0j3nxmkaknsdd,35
stp-bulk-0045.kas,ccd70e18b37fdee5928ac9881599b8c7056ce5742ca0f90067ae90e16a21192e,ccd70e18b37fdee5928ac9881599b8c7056ce5742ca0f90067ae90e16a21192ei0,66947d86afdaacde8d663f761ec37e5e79eea301f2807eaf9495df67d6f0a801,kaspatest:qz46xwjp2stquq20xjzguqg4wyqz0g08d3clr26tlkzcrvfv0j3nxmkaknsdd,35
stp-bulk-0046.kas,034d0dee12ff1d8c5dbdc489acff731bc588caae02cc7239ba88f2e19a04aabc,034d0dee12ff1d8c5dbdc489acff731bc588caae02cc7239ba88f2e19a04aabci0,cf17bcde88ed057bfbe9f544761d09e3157bd50cb592bf17526d1e6d15173c1c,kaspatest:qz46xwjp2stquq20xjzguqg4wyqz0g08d3clr26tlkzcrvfv0j3nxmkaknsdd,35
stp-bulk-0047.kas,e4ada5445267caf23470e49c51844ecae73da8b5b73f013c7fb88d03577c073c,e4ada5445267caf23470e49c51844ecae73da8b5b73f013c7fb88d03577c073ci0,0e1a9d222761ae085c32049e9ea2e80ffd370762ca4b1c9c6d79694f6195c195,kaspatest:qz46xwjp2stquq20xjzguqg4wyqz0g08d3clr26tlkzcrvfv0j3nxmkaknsdd,35
stp-bulk-0048.kas,92160e7d9eb91110889e476eabed3ea9c432c19ecae4b4ba1da93aa7c4e9f75e,92160e7d9eb91110889e476eabed3ea9c432c19ecae4b4ba1da93aa7c4e9f75ei0,0ef0dd4eb8f1ee2ba400197191bcfc710e575ead947d71d5e099573b03a10cac,kaspatest:qz46xwjp2stquq20xjzguqg4wyqz0g08d3clr26tlkzcrvfv0j3nxmkaknsdd,35
stp-bulk-0049.kas,6cb86c486ad9eb3dcf3c6c448340559202d040287b9a1faae108747a4fba74c1,6cb86c486ad9eb3dcf3c6c448340559202d040287b9a1faae108747a4fba74c1i0,bd2fcd16ec5e9cec4f02b4cb215525bda319c33c7f2fdba0f4d481a7a3cfefad,kaspatest:qz46xwjp2stquq20xjzguqg4wyqz0g08d3clr26tlkzcrvfv0j3nxmkaknsdd,35
stp-bulk-0050.kas,ba6bf131a5f9f78a0330cbeb712c07d971c647bc71783b23c53fa5457130e722,ba6bf131a5f9f78a0330cbeb712c07d971c647bc71783b23c53fa5457130e722i0,b3fa7bbb7a2190a1fb49700349a3caded0dbcd8532ff203c87e2b0527427966e,kaspatest:qz46xwjp2stquq20xjzguqg4wyqz0g08d3clr26tlkzcrvfv0j3nxmkaknsdd,35
stp-bulk-0051.kas,bb5f18d11cd02b1e0bf276d764bee8191925c4e5c9790b542c76ad6c7b6dc1ff,bb5f18d11cd02b1e0bf276d764bee8191925c4e5c9790b542c76ad6c7b6dc1ffi0,8842f4245050325e7c4b9ba0ed4531497446d5dd4fc8611f5fba3515fdd2f77b,kaspatest:qz46xwjp2stquq20xjzguqg4wyqz0g08d3clr26tlkzcrvfv0j3nxmkaknsdd,35
stp-bulk-0052.kas,bcc45cf1dd07fb1bd1245c307ed8c52cc1cc93c6db990e122558c77e60606a3f,bcc45cf1dd07fb1bd1245c307ed8c52cc1cc93c6db990e122558c77e60606a3fi0,46e39a56cde24ac13e5d8da4717fe5c34378fd9370d757c78526da70d02ce9cf,kaspatest:qz46xwjp2stquq20xjzguqg4wyqz0g08d3clr26tlkzcrvfv0j3nxmkaknsdd,35
stp-bulk-0053.kas,1f99b0e9922337e1402c7e7c3a54d09539f2f9d98d443707199e351c6c4c6990,1f99b0e9922337e1402c7e7c3a54d09539f2f9d98d443707199e351c6c4c6990i0,85a2b726ec54fd209ce6bfa69aebb66d8f9c0c9664c6ad24ce7618376f4e7eaa,kaspatest:qz46xwjp2stquq20xjzguqg4wyqz0g08d3clr26tlkzcrvfv0j3nxmkaknsdd,35
stp-bulk-0054.kas,2dc595e1855de2ba412919be85b747a5011ff8b30e09f56b1cd1a7acd47a4d91,2dc595e1855de2ba412919be85b747a5011ff8b30e09f56b1cd1a7acd47a4d91i0,49fe6b558e168f24773fa0563fa017f775c9b4a75dcd73dd0c9c3c310ec62e70,kaspatest:qz46xwjp2stquq20xjzguqg4wyqz0g08d3clr26tlkzcrvfv0j3nxmkaknsdd,35
stp-bulk-0055.kas,e75f0aadc11a53a18fb947e18820f8fe698a6ca6b018fd531edbf5ebe272e946,e75f0aadc11a53a18fb947e18820f8fe698a6ca6b018fd531edbf5ebe272e946i0,a1de96948aff1259de5950833433b79241618f9c7725ded2c7f0ee0d6d6fcb66,kaspatest:qz46xwjp2stquq20xjzguqg4wyqz0g08d3clr26tlkzcrvfv0j3nxmkaknsdd,35
stp-bulk-0057.kas,49781a6c93cad27e38e7a63f37867c71aa8f588d53dea95a8f6aae515b4c3900,49781a6c93cad27e38e7a63f37867c71aa8f588d53dea95a8f6aae515b4c3900i0,d14fe8edb03db27fce1a0cfc747900ec0b73a33a4683cfb4e1277bc354d3168d,kaspatest:qz46xwjp2stquq20xjzguqg4wyqz0g08d3clr26tlkzcrvfv0j3nxmkaknsdd,35
stp-bulk-0059.kas,1f6984c0550bb8bfbf6e80d3c7e17c3443afbf6e3b49b4e66986ba3debe05706,1f6984c0550bb8bfbf6e80d3c7e17c3443afbf6e3b49b4e66986ba3debe05706i0,3c0c255ab639311a9eb8f9593db7fed8a9f0d161862eb19ec7a3e96aa81d0c5a,kaspatest:qz46xwjp2stquq20xjzguqg4wyqz0g08d3clr26tlkzcrvfv0j3nxmkaknsdd,35
stp-smoke-1789839537.kas,04daabc03fd4ce60fcad91967a7b033539e48b1aeb1d60b02dacca4f2334bf75,04daabc03fd4ce60fcad91967a7b033539e48b1aeb1d60b02dacca4f2334bf75i0,8f7653815d0791dd0184161a1b909d6fa4b01760880c9b750bf99fb5170f04b7,kaspatest:qz46xwjp2stquq20xjzguqg4wyqz0g08d3clr26tlkzcrvfv0j3nxmkaknsdd,35
